iter,loss_mean,accuracy,F1,data_n_clients,data_n_clusters,data_n_classes,data_n_samples,data_n_samples_val,data_seed,model_input_shape,model_n_classes,algo_lrate,algo_S,algo_R,algo_R_local
0,2.302359,0.09669999778270721,0.0,10,1,10,100,1000,2,"(3, 32, 32)",10,0.01,10,5,0
1,2.301769,0.0974000096321106,0.0,10,1,10,100,1000,2,"(3, 32, 32)",10,0.01,10,5,0
2,2.3012135,0.0998000055551529,0.0,10,1,10,100,1000,2,"(3, 32, 32)",10,0.01,10,5,0
3,2.3006818,0.1006999984383583,0.0,10,1,10,100,1000,2,"(3, 32, 32)",10,0.01,10,5,0
4,2.300165,0.10019999742507935,0.0,10,1,10,100,1000,2,"(3, 32, 32)",10,0.01,10,5,0
