iter,loss_mean,accuracy,F1,data_n_clients,data_n_clusters,data_n_classes,data_n_samples,data_n_samples_val,data_seed,model_input_shape,model_n_classes,algo_lrate,algo_S,algo_R,algo_R_local
0,2.3045027,0.09789999574422836,0.0,10,1,10,100,1000,1,"(3, 32, 32)",10,0.01,10,5,0
1,2.3035457,0.09950000047683716,0.0,10,1,10,100,1000,1,"(3, 32, 32)",10,0.01,10,5,0
2,2.302635,0.10080000013113022,0.0,10,1,10,100,1000,1,"(3, 32, 32)",10,0.01,10,5,0
3,2.301761,0.10279999673366547,0.0,10,1,10,100,1000,1,"(3, 32, 32)",10,0.01,10,5,0
4,2.3009267,0.10580001026391983,0.0,10,1,10,100,1000,1,"(3, 32, 32)",10,0.01,10,5,0
