algo,n_clusters,mean,sem
TopK (K=4),1,0.635717,0.001353
TopK (K=4),4,0.564846,0.001783
TopK (K=4),8,0.504596,0.001161
TopK (K=4),24,0.496292,0.001106
TopK (K=8),1,0.665815,0.000791
TopK (K=8),4,0.547850,0.001236
TopK (K=8),8,0.490988,0.001147
TopK (K=8),24,0.480783,0.001351
