algo,sigma,mean,sem
TopK (K=4),15,0.515617,0.002267
TopK (K=4),30,0.502267,0.000880
TopK (K=4),45,0.502800,0.001962
TopK (K=4),60,0.503442,0.000878
TopK (K=8),15,0.501229,0.002251
TopK (K=8),30,0.487471,0.000779
TopK (K=8),45,0.488888,0.001857
TopK (K=8),60,0.489767,0.001100
